timeStamp;elapsed;label;responseCode;responseMessage;threadName;dataType;success;failureMessage;bytes;sentBytes;grpThreads;allThreads;URL;Latency;IdleTime;Connect
1,65E+12;1353;Send messange gc;200;OK;Web Cicle 1-1;text;TRUE;;1586;953;1;1;https://stagingapi.cicle.app/api/v1/group-chats/61fd1d0e835d698459fc4841/messages;1349;0;740
1,65E+12;19486;Mention name gc;200;OK;Web Cicle 1-1;text;TRUE;;2101;1494;1;1;https://stagingapi.cicle.app/api/v1/group-chats/61fd1d0e835d698459fc4841/messages;19486;0;0
1,65E+12;16076;Send text Post;200;OK;Web Cicle 1-1;text;TRUE;;10501;1432;1;1;https://stagingapi.cicle.app/api/v1/blasts/61fd1d0e835d69f0ecfc4843/posts;16075;0;0
1,65E+12;37942;Send text post Comment;200;OK;Web Cicle 1-1;text;TRUE;;1370;970;1;1;https://stagingapi.cicle.app/api/v1/posts/62528bb2e1a7f416da2e2176/comments;37942;0;0
1,65E+12;27086;Mention name Post;200;OK;Web Cicle 1-1;text;TRUE;;1876;1503;1;1;https://stagingapi.cicle.app/api/v1/posts/625bca8ed14608163c27324c/comments;27085;0;55
1,65E+12;6212;Archive Blash;200;OK;Web Cicle 1-1;text;TRUE;;3072;904;1;1;https://stagingapi.cicle.app/api/v1/posts/6250fd8d96738a2e7435099e/archived;6212;0;0
1,65E+12;18707;Send messange gc;200;OK;Web Cicle 1-1;text;TRUE;;1586;953;1;1;https://stagingapi.cicle.app/api/v1/group-chats/61fd1d0e835d698459fc4841/messages;18707;0;0
1,65E+12;23246;Mention name gc;200;OK;Web Cicle 1-1;text;TRUE;;2101;1494;1;1;https://stagingapi.cicle.app/api/v1/group-chats/61fd1d0e835d698459fc4841/messages;23246;0;0
1,65E+12;17159;Send text Post;200;OK;Web Cicle 1-1;text;TRUE;;10502;1432;1;1;https://stagingapi.cicle.app/api/v1/blasts/61fd1d0e835d69f0ecfc4843/posts;17158;0;54
1,65E+12;39465;Send text post Comment;200;OK;Web Cicle 1-1;text;TRUE;;1370;970;1;1;https://stagingapi.cicle.app/api/v1/posts/62528bb2e1a7f416da2e2176/comments;39465;0;0
1,65E+12;25498;Mention name Post;200;OK;Web Cicle 1-1;text;TRUE;;1876;1503;1;1;https://stagingapi.cicle.app/api/v1/posts/625bca8ed14608163c27324c/comments;25497;0;0
1,65E+12;7907;Archive Blash;200;OK;Web Cicle 1-1;text;TRUE;;3072;904;1;1;https://stagingapi.cicle.app/api/v1/posts/6250fd8d96738a2e7435099e/archived;7907;0;56
1,65E+12;18835;Send messange gc;200;OK;Web Cicle 1-1;text;TRUE;;1586;953;1;1;https://stagingapi.cicle.app/api/v1/group-chats/61fd1d0e835d698459fc4841/messages;18835;0;0
1,65E+12;18868;Mention name gc;200;OK;Web Cicle 1-1;text;TRUE;;2101;1494;1;1;https://stagingapi.cicle.app/api/v1/group-chats/61fd1d0e835d698459fc4841/messages;18868;0;0
1,65E+12;18096;Send text Post;200;OK;Web Cicle 1-1;text;TRUE;;10501;1432;1;1;https://stagingapi.cicle.app/api/v1/blasts/61fd1d0e835d69f0ecfc4843/posts;18096;0;0
1,65E+12;39244;Send text post Comment;200;OK;Web Cicle 1-1;text;TRUE;;1370;970;1;1;https://stagingapi.cicle.app/api/v1/posts/62528bb2e1a7f416da2e2176/comments;39244;0;56
1,65E+12;24771;Mention name Post;200;OK;Web Cicle 1-1;text;TRUE;;1874;1503;1;1;https://stagingapi.cicle.app/api/v1/posts/625bca8ed14608163c27324c/comments;24771;0;0
1,65E+12;8722;Archive Blash;200;OK;Web Cicle 1-1;text;TRUE;;3072;904;1;1;https://stagingapi.cicle.app/api/v1/posts/6250fd8d96738a2e7435099e/archived;8722;0;139
1,65E+12;14580;Send messange gc;200;OK;Web Cicle 1-1;text;TRUE;;1586;953;1;1;https://stagingapi.cicle.app/api/v1/group-chats/61fd1d0e835d698459fc4841/messages;14580;0;0
1,65E+12;27089;Mention name gc;200;OK;Web Cicle 1-1;text;TRUE;;2101;1494;1;1;https://stagingapi.cicle.app/api/v1/group-chats/61fd1d0e835d698459fc4841/messages;27089;0;0
1,65E+12;14498;Send text Post;200;OK;Web Cicle 1-1;text;TRUE;;10502;1432;1;1;https://stagingapi.cicle.app/api/v1/blasts/61fd1d0e835d69f0ecfc4843/posts;14498;0;0
1,65E+12;39852;Send text post Comment;200;OK;Web Cicle 1-1;text;TRUE;;1370;970;1;1;https://stagingapi.cicle.app/api/v1/posts/62528bb2e1a7f416da2e2176/comments;39852;0;1672
1,65E+12;23760;Mention name Post;200;OK;Web Cicle 1-1;text;TRUE;;1875;1503;1;1;https://stagingapi.cicle.app/api/v1/posts/625bca8ed14608163c27324c/comments;23760;0;0
1,65E+12;6446;Archive Blash;200;OK;Web Cicle 1-1;text;TRUE;;3072;904;1;1;https://stagingapi.cicle.app/api/v1/posts/6250fd8d96738a2e7435099e/archived;6446;0;1610
1,65E+12;13177;Send messange gc;200;OK;Web Cicle 1-1;text;TRUE;;1586;953;1;1;https://stagingapi.cicle.app/api/v1/group-chats/61fd1d0e835d698459fc4841/messages;13177;0;0
1,65E+12;22328;Mention name gc;200;OK;Web Cicle 1-1;text;TRUE;;2101;1494;1;1;https://stagingapi.cicle.app/api/v1/group-chats/61fd1d0e835d698459fc4841/messages;22328;0;0
1,65E+12;16993;Send text Post;200;OK;Web Cicle 1-1;text;TRUE;;10499;1432;1;1;https://stagingapi.cicle.app/api/v1/blasts/61fd1d0e835d69f0ecfc4843/posts;16991;0;0
1,65E+12;44723;Send text post Comment;200;OK;Web Cicle 1-1;text;TRUE;;1370;970;1;1;https://stagingapi.cicle.app/api/v1/posts/62528bb2e1a7f416da2e2176/comments;44723;0;0
1,65E+12;25593;Mention name Post;200;OK;Web Cicle 1-1;text;TRUE;;1875;1503;1;1;https://stagingapi.cicle.app/api/v1/posts/625bca8ed14608163c27324c/comments;25593;0;1701
1,65E+12;7803;Archive Blash;200;OK;Web Cicle 1-1;text;TRUE;;3072;904;1;1;https://stagingapi.cicle.app/api/v1/posts/6250fd8d96738a2e7435099e/archived;7803;0;0
