{
  "Send messange gc" : {
    "transaction" : "Send messange gc",
    "sampleCount" : 5,
    "errorCount" : 0,
    "errorPct" : 0.0,
    "meanResTime" : 13330.4,
    "medianResTime" : 14580.0,
    "minResTime" : 1353.0,
    "maxResTime" : 18835.0,
    "pct1ResTime" : 18835.0,
    "pct2ResTime" : 18835.0,
    "pct3ResTime" : 18835.0,
    "throughput" : 0.00984075687229256,
    "receivedKBytesPerSec" : 0.015241641015093753,
    "sentKBytesPerSec" : 0.00915843876884259
  },
  "Mention name gc" : {
    "transaction" : "Mention name gc",
    "sampleCount" : 5,
    "errorCount" : 0,
    "errorPct" : 0.0,
    "meanResTime" : 22203.4,
    "medianResTime" : 22328.0,
    "minResTime" : 18868.0,
    "maxResTime" : 27089.0,
    "pct1ResTime" : 27089.0,
    "pct2ResTime" : 27089.0,
    "pct3ResTime" : 27089.0,
    "throughput" : 0.00945068819911466,
    "receivedKBytesPerSec" : 0.019390523346035058,
    "sentKBytesPerSec" : 0.013788406415505177
  },
  "Send text post Comment" : {
    "transaction" : "Send text post Comment",
    "sampleCount" : 5,
    "errorCount" : 0,
    "errorPct" : 0.0,
    "meanResTime" : 40245.2,
    "medianResTime" : 39465.0,
    "minResTime" : 37942.0,
    "maxResTime" : 44723.0,
    "pct1ResTime" : 44723.0,
    "pct2ResTime" : 44723.0,
    "pct3ResTime" : 44723.0,
    "throughput" : 0.00900553660390408,
    "receivedKBytesPerSec" : 0.012048422995457607,
    "sentKBytesPerSec" : 0.008530635259557575
  },
  "Archive Blash" : {
    "transaction" : "Archive Blash",
    "sampleCount" : 5,
    "errorCount" : 0,
    "errorPct" : 0.0,
    "meanResTime" : 7418.0,
    "medianResTime" : 7803.0,
    "minResTime" : 6212.0,
    "maxResTime" : 8722.0,
    "pct1ResTime" : 8722.0,
    "pct2ResTime" : 8722.0,
    "pct3ResTime" : 8722.0,
    "throughput" : 0.009549584306595135,
    "receivedKBytesPerSec" : 0.028648752919785404,
    "sentKBytesPerSec" : 0.008430492395666017
  },
  "Total" : {
    "transaction" : "Total",
    "sampleCount" : 30,
    "errorCount" : 0,
    "errorPct" : 0.0,
    "meanResTime" : 20850.499999999996,
    "medianResTime" : 18851.5,
    "minResTime" : 1353.0,
    "maxResTime" : 44723.0,
    "pct1ResTime" : 39442.9,
    "pct2ResTime" : 42043.95,
    "pct3ResTime" : 44723.0,
    "throughput" : 0.047959100479111415,
    "receivedKBytesPerSec" : 0.16006037551176355,
    "sentKBytesPerSec" : 0.05663919809186725
  },
  "Send text Post" : {
    "transaction" : "Send text Post",
    "sampleCount" : 5,
    "errorCount" : 0,
    "errorPct" : 0.0,
    "meanResTime" : 16564.4,
    "medianResTime" : 16993.0,
    "minResTime" : 14498.0,
    "maxResTime" : 18096.0,
    "pct1ResTime" : 18096.0,
    "pct2ResTime" : 18096.0,
    "pct3ResTime" : 18096.0,
    "throughput" : 0.009495449780465202,
    "receivedKBytesPerSec" : 0.0973747247506495,
    "sentKBytesPerSec" : 0.013278793052369306
  },
  "Mention name Post" : {
    "transaction" : "Mention name Post",
    "sampleCount" : 5,
    "errorCount" : 0,
    "errorPct" : 0.0,
    "meanResTime" : 25341.6,
    "medianResTime" : 25498.0,
    "minResTime" : 23760.0,
    "maxResTime" : 27086.0,
    "pct1ResTime" : 27086.0,
    "pct2ResTime" : 27086.0,
    "pct3ResTime" : 27086.0,
    "throughput" : 0.009210376041233011,
    "receivedKBytesPerSec" : 0.016866501125507954,
    "sentKBytesPerSec" : 0.01351874530270822
  }
}